the_geom,si_si_s,field_1,pol_stn,totarea,nm_pol,murder,rape,gangrap,robbery,theft,asltmds,sxlhrsm,distrct,inspsnc,insp__m,in__w_f,cartodb_id,si_si_m,si_si_f,ai_si_s,ai_si_m,ai_si_f,hc_snc,hc_wrkm,hc_wrkf,cnst_sn,cnst_wm,cnst_wf,tl_shrt,totcrm,tsnc,twrk,long,lat
0101000020E6100000728A8EE4F24F5340D3307C444C893C40,8,0,POLICE STATION-CHITTARANJAN PARK,2659329.53735,CHITRANJAN PARK,2,6,1,35,442,19,7,North West,3,2,0,1,8,0,13,4,0,54,36,2,107,107,9,45,512,192,168,77.2492,28.53632
0101000020E61000002FDD240681455340CDE9B298D89C3C40,10,2,POLICE STATION-DABRI,3401013.42806,DABRI,8,28,0,79,240,26,16,North West,3,2,0,3,10,3,31,9,1,59,30,1,102,102,17,43,397,221,175,77.086,28.61268
0101000020E6100000D39FFD48114D53403A7AFCDEA6873C40,9,6,POLICE STATION-MALVIYA NAGAR,1379853.57234,MALVIYA NAGAR,3,28,1,33,694,63,15,South,3,3,0,7,16,2,18,10,1,57,22,1,135,135,11,64,837,237,201,77.20418,28.52989
0101000020E610000056CF49EF1B4F5340E960FD9FC3A43C40,7,9,POLICE STATION-CHANDNI MAHAL,5570696.13208,CHANDNI MAHAL,1,8,1,23,529,19,7,North West,3,2,0,10,6,0,8,5,0,16,22,0,81,81,11,11,588,122,127,77.23608,28.64361
0101000020E6100000FCE3BD6A654C53409526A5A0DBB33C40,10,10,POLICE STATION-MODEL TOWN,2689157.08508,MODEL TOWN,0,4,1,45,393,9,14,South,3,2,0,11,7,2,17,6,0,53,29,3,98,98,14,25,466,195,161,77.19369,28.70257
0101000020E6100000A9F6E978CC52534073D712F241A73C40,7,12,POLICE STATION-ANAND VIHAR,4558969.69225,ANANDVIHAR,10,14,0,99,457,24,15,North East,2,2,0,13,10,2,5,2,0,54,21,0,144,144,15,93,619,227,196,77.29373,28.65335
0101000020E610000098C0ADBB794E5340506B9A779CAA3C40,6,13,POLICE STATION-KASHMERE GATE,1627909.97434,KASHMERE GATE,0,9,3,17,340,17,12,South West,3,2,0,14,7,0,14,14,2,25,32,0,85,85,10,36,398,145,152,77.22618,28.66645
0101000020E610000062BEBC00FB505340E4F736FDD9873C40,21,14,POLICE STATION-GOVINDPURI,8992712.06018,GOVIND PURI,1,4,3,31,692,5,5,North,3,3,0,15,16,3,5,6,1,55,45,2,110,110,14,29,741,199,200,77.26532,28.53067
0101000020E61000008EE9094B3C4453405DFE43FAED9B3C40,6,16,POLICE STATION-BINDAPUR,2568079.50029,BINDAPUR,4,4,1,64,417,11,8,North West,3,2,0,17,5,2,12,9,1,63,24,2,106,106,12,43,509,198,163,77.06618,28.6091
0101000020E6100000371AC05B205153408E3BA583F58F3C40,16,19,POLICE STATION-NEW FRIENDS COLONY,4045386.71006,NEW FRIENDS COLONY,6,7,1,47,609,14,10,West,2,2,0,20,10,1,22,10,0,44,29,0,103,103,12,65,694,197,167,77.2676,28.56234
0101000020E61000000B410E4A98535340922232ACE2853C40,13,21,POLICE STATION-SARITA VIHAR,7942774.02487,SARITA VIHAR,1,12,0,12,211,8,1,Central,2,3,0,22,10,1,9,8,0,39,32,0,108,108,9,32,245,172,171,77.30617,28.52299
0101000020E6100000D8F0F44A594E53402FBB270F0BB53C40,8,22,POLICE STATION-TIMARPUR,6149745.10424,TIMARPUR,8,17,1,60,626,23,5,Outer,3,3,0,23,11,2,8,12,0,35,42,2,80,80,14,60,740,139,166,77.2242,28.7072
0101000020E610000010FC6F253B40534060C8EA56CFB93C40,4,23,POLICE STATION-KHANJAWALA,35490190.8971,KANJHAWALA,1,5,2,15,307,21,10,South West,3,2,0,24,6,2,9,4,0,35,16,0,82,82,14,12,361,143,126,77.00361,28.72582
0101000020E6100000975643E21E4B5340440DA661F8A83C40,5,24,POLICE STATION-ANAND PARBAT,1948430.28639,ANAND PARBAT,5,20,1,77,374,35,9,North East,3,3,0,25,6,1,10,7,0,33,24,0,67,67,9,6,521,127,117,77.17376,28.66004
0101000020E61000003D44A33B88455340732EC55565973C40,2,25,POLICE STATION-SAGAR PUR,1283551.17186,SAGARPUR,2,7,0,11,180,4,4,Central,0,2,0,26,6,2,0,6,1,59,26,0,102,102,13,33,208,167,158,77.08644,28.59139
0101000020E6100000D97C5C1B2A48534038D1AE42CAB73C40,9,27,POLICE STATION-PRASHANT VIHAR,2076678.92727,PRASHANT VIHAR,7,8,0,41,457,39,14,East,2,3,0,28,6,2,6,5,0,65,28,2,148,148,9,64,566,244,203,77.12757,28.71793
0101000020E6100000FA7E6ABC744B53407C0A80F10C923C40,16,28,POLICE STATION-SOUTH CAMPUS,4518856.09773,SOUTH CAMPUS,10,11,1,38,248,8,9,Outer,3,2,0,29,7,3,6,7,1,54,22,1,128,128,9,72,325,216,180,77.179,28.57051
0101000020E6100000CF66D5E76A475340BF046EDDCDB33C40,14,29,POLICE STATION-SOUTH ROHINI,2649542.3945,ROHINI SOUTH,6,14,0,96,560,24,5,Outer,2,3,0,30,8,2,12,4,0,68,23,1,151,151,8,122,705,252,200,77.1159,28.70236
0101000020E6100000E38DCC237F48534069183E22A6AC3C40,8,30,POLICE STATION-PUNJABI BAGH,2577310.64044,PUNJABI BAGH,9,24,0,64,1251,54,19,East,3,2,0,31,9,2,24,12,0,48,29,1,77,77,11,22,1421,179,143,77.13276,28.67441
0101000020E61000009B20EA3E0041534018EC866D8B9A3C40,21,37,POLICE STATION-DWARKA NORTH,30068547.981,DWARKA NORTH,3,2,0,10,104,10,13,North,3,2,1,38,5,1,6,8,3,55,20,1,126,126,18,72,142,224,185,77.01564,28.60369
0101000020E610000065F7E461A14C5340EAEC647094BC3C40,3,41,POLICE STATION-BURARI,11333876.3001,BURARI,3,12,0,56,562,21,17,North West,3,2,0,42,8,2,9,10,0,58,42,1,90,90,19,47,671,180,174,77.19735,28.73664
0101000020E610000042EC4CA1F34E53404985B18520A73C40,9,44,POLICE STATION-JAMA MASJID,3817050.22424,JAMA MASJID,4,19,0,13,317,10,1,South East,3,3,0,45,7,1,4,7,0,39,17,2,104,104,9,39,364,160,150,77.23362,28.65284
0101000020E61000006C956071384B534083640113B8B53C40,9,58,POLICE STATION-ADARSH NAGAR,1646190.52687,ADRASH NAGAR,3,15,0,41,354,18,3,North East,3,2,0,59,5,1,15,7,1,48,38,3,102,102,12,0,434,180,171,77.17532,28.70984
0101000020E610000071033E3F8C4C53403463D174769A3C40,13,66,POLICE STATION-CHANAKYAPURI,10993452.5199,CHANAKYAPURI,1,7,2,40,649,20,4,North West,3,2,0,67,12,1,15,9,0,53,38,0,122,122,10,45,723,210,194,77.19606,28.60337
0101000020E61000009A081B9E5E535340AD174339D19E3C40,7,67,POLICE STATION-PANDAV NAGAR,1470612.97848,PANDAV NAGAR,5,16,3,27,351,23,10,East,3,2,0,68,8,2,16,6,0,41,20,1,78,78,10,24,435,155,127,77.30265,28.62038
0101000020E61000008F8D40BCAE455340F5B9DA8AFDAD3C40,20,71,POLICE STATION-MIANWALI NAGAR,1729847.85301,MIANWALI NAGAR,1,12,1,46,400,27,8,South,3,2,0,72,6,1,6,11,0,51,24,1,120,120,11,76,495,208,176,77.08879,28.67965
0101000020E610000084471B47AC495340739D465A2A773C40,16,73,POLICE STATION-FATEHPUR BERI,35895594.9514,FATEHPUR BERI,7,10,0,60,683,7,9,North,3,2,0,74,4,0,6,10,1,50,20,1,124,124,8,78,776,208,170,77.15114,28.46549
0101000020E61000009864E42CEC4D53401F9DBAF259A63C40,8,77,POLICE STATION-NABI KARIM,1799866.44615,NABI KARIM,4,4,0,29,612,6,5,West,3,2,0,78,6,0,9,10,0,33,20,1,96,96,8,18,660,154,143,77.21754,28.64981
0101000020E6100000B988EFC4AC47534008944DB9C2A33C40,16,80,POLICE STATION-RAJOURI GARDEN,1731624.05749,RAJOURI GARDEN,1,7,0,37,567,20,4,East,3,2,0,81,8,1,20,12,1,57,34,1,152,152,12,81,636,252,223,77.11992,28.63969
0101000020E61000004CC3F011314B5340EBFF1CE6CBBB3C40,9,82,POLICE STATION-JAHANGIR PURI,2463668.04593,JAHANGIR PURI,1,23,1,17,441,36,6,South East,3,2,0,83,9,2,20,9,1,54,41,1,95,95,14,0,525,187,174,77.17487,28.73358
0101000020E6100000CC0182397A4E534093F6065F98A43C40,8,83,POLICE STATION-KAMLA MARKET,3095888.32288,KAMLA MARKET,4,11,0,5,107,7,5,South West,3,3,0,84,7,2,12,9,0,21,29,0,73,73,9,19,139,122,132,77.22621,28.64295
0101000020E610000043908312664E53409A5FCD0182A13C40,5,84,POLICE STATION-BARAKHAMBA ROAD,3748441.99855,BARAKHAMBA ROAD,9,14,1,125,808,16,38,North East,3,3,0,85,11,3,10,8,0,52,25,2,102,102,10,34,1011,210,164,77.22498,28.63089
0101000020E6100000C151F2EA1C4D5340FC4D2844C0913C40,17,85,POLICE OUTPOST-SAFDARJUNG ENCLAVE,2366255.9419,SAFDARJUNG ENCLAVE,2,7,0,1,83,3,10,Central,3,2,0,86,10,3,6,12,0,58,20,0,143,143,14,79,106,237,204,77.20489,28.56934
0101000020E61000003ED00A0C594D5340DF59BBED42B33C40,7,86,POLICE STATION-MUKHERJEE NAGAR,6149745.10424,MUKHERJI NAGAR,1,8,0,54,789,14,7,West,3,1,0,87,9,2,10,7,1,49,31,1,93,93,13,6,873,169,158,77.20856,28.70024
0101000020E610000051A5660FB452534050E449D235AB3C40,8,87,POLICE STATION-FARSH BAZAR,1721757.74396,FARASH BAZAR,6,3,1,20,374,14,9,North,3,2,0,88,7,1,10,10,2,38,24,2,137,137,14,52,427,205,199,77.29224,28.66879
0101000020E610000098C0ADBB7950534070E6577380883C40,10,90,POLICE STATION-KALKA JI,2659329.53735,KALKAJI,2,9,0,17,141,8,2,South East,3,3,0,91,12,1,8,7,1,48,31,1,123,123,10,49,179,194,189,77.25743,28.53321
0101000020E6100000B85851836950534040C1C58A1A8C3C40,10,91,POLICE STATION-KALKA JI,2745338.74405,KALKAJI,2,9,0,17,141,8,2,South East,3,3,0,92,12,1,8,7,1,48,31,1,123,123,10,49,179,194,189,77.25644,28.54728
0101000020E61000009A7CB3CD8D4B5340670A9DD7D8A53C40,9,92,POLICE STATION-PRASAD NAGAR,4104570.16645,PARSHAD NAGAR,1,12,2,36,466,6,13,East,3,3,0,93,5,2,4,2,0,62,29,0,129,129,9,74,536,220,179,77.18053,28.64784
0101000020E6100000D36A48DC634F5340BC5CC47762963C40,7,93,POLICE OUTPOST-LODHI COLONY,2116960.63039,LODHI COLONY,0,5,0,17,168,13,5,South,3,2,0,94,10,2,14,10,0,42,21,0,57,57,12,16,208,128,114,77.24047,28.58744
0101000020E6100000F3E505D847495340444C89247AA13C40,9,96,POLICE STATION-INDERPURI,1255396.29878,INDERPURI,0,13,0,17,212,31,5,South East,3,2,0,97,5,2,21,7,1,44,17,0,110,110,10,74,278,192,154,77.14501,28.63077
0101000020E6100000F6B4C35F93515340D72FD80DDB863C40,8,98,POLICE STATION-OKHLA INDUSTRIAL AREA,1716036.18985,OKHLA,6,27,3,8,174,13,13,West,3,3,0,99,12,2,7,9,0,47,30,1,89,89,13,25,244,167,159,77.27462,28.52678
0101000020E61000005EF415A4194953400A5EF415A4B93C40,7,100,POLICE STATION-SAMAYPUR BADLI,3249865.01306,SAMAYPURBADLI,0,2,0,5,74,7,2,Central,3,2,0,101,10,3,9,5,1,55,35,1,120,120,12,5,90,196,189,77.14219,28.72516
0101000020E610000094F6065F983A5340B8921D1B81983C40,7,101,POLICE STATION-JAFFARPUR KALAN,70469487.216,JAFFARPUR KALAN,2,11,1,35,719,8,5,South East,3,2,0,102,5,1,5,6,1,42,18,1,100,100,12,45,781,162,146,76.91555,28.59572
0101000020E61000001C03B2D7BB4753409CA73AE466A03C40,8,103,POLICE STATION-MAYA PURI,2553754.81568,MAYA PURI,3,21,2,17,256,28,17,South,3,1,0,104,4,1,15,4,1,43,26,1,95,95,11,53,344,181,144,77.12084,28.62657
0101000020E61000004451A04FE44353403C9B559FABB53C40,4,104,POLICE STATION-AMAN VIHAR,3296887.93444,AMAN VIHAR,10,14,1,84,487,25,12,North East,3,2,0,105,6,2,9,6,0,85,32,1,141,141,14,46,633,254,204,77.06081,28.70965
0101000020E61000005131CEDF84465340CB2DAD86C4B53C40,25,106,POLICE STATION-VIJAY VIHAR ROHINI,2649542.3945,VIJAY VIHAR,0,3,0,9,232,6,5,New Delhi,3,2,0,107,8,2,5,6,0,66,28,1,153,153,10,116,255,257,210,77.10186,28.71003
0101000020E610000004A8A9656B4F5340ABE28DCC238F3C40,4,107,POLICE STATION-AMAR COLONY,1505936.69173,AMAR COLONY,3,14,1,88,484,17,40,North East,3,2,0,108,10,1,8,8,1,51,35,2,88,88,11,21,647,194,158,77.24093,28.55914
0101000020E61000001DF98381E7485340DA85E63A8DCC3C40,4,109,POLICE STATION-ALIPUR,51545474.9152,ALIPUR,6,15,1,52,320,22,18,North East,3,3,0,110,9,1,10,8,0,38,32,0,89,89,11,10,434,162,153,77.13913,28.79903
0101000020E610000011AAD4EC814A53408BC3995FCDB93C40,21,111,POLICE STATION-MAHINDRA PARK,2463668.04593,MAHENDRA PARK,0,15,2,37,832,28,4,South,3,1,0,112,7,1,6,8,1,55,29,3,125,125,13,40,918,214,188,77.16418,28.72579
0101000020E6100000FD4D2844C0495340EFF96184F0883C40,17,112,POLICE STATION-VASANT KUNJ SOUTH,14105371.6017,VASANT KUNJ SOUTH,0,1,0,1,65,1,3,New Delhi,3,2,0,113,10,1,6,13,0,60,25,0,144,144,10,80,71,233,205,77.15236,28.53492
0101000020E6100000E6E8F17B9B4A5340AD81AD122CBE3C40,15,113,POLICE STATION-BHALSWA DAIRY,4498522.05,BHALSWA DAIRY,2,13,1,28,338,23,12,North West,3,2,0,114,6,2,6,5,0,48,23,0,114,114,10,66,417,198,162,77.16574,28.74286
0101000020E61000006631B1F9B8425340B1F4A10BEACB3C40,5,116,POLICE STATION-BAWANA,40327922.924,BAWANA,6,20,3,93,383,13,8,North East,3,2,0,117,9,1,11,9,2,41,34,1,68,68,12,32,526,136,138,77.04254,28.79654
0101000020E6100000A0100187504353406F47382D78B93C40,14,117,POLICE STATION-BEGUM PUR,35490190.8971,BEGUM PUR,0,4,0,73,413,5,4,North East,3,3,0,118,10,2,6,7,0,53,29,2,125,125,16,39,499,205,194,77.05179,28.72449
0101000020E6100000AD174339D1485340C30DF8FC30A23C40,10,119,POLICE STATION-NARAINA,14937293.4916,NARAINA,2,11,0,28,425,18,12,West,3,1,0,120,5,1,7,6,1,43,19,0,118,118,8,72,496,193,159,77.13777,28.63356
0101000020E6100000F60B76C3B64D534048FE60E0B97F3C40,9,121,POLICE STATION-NEB SARAI,8344724.01914,NEB SARAI,3,20,2,35,626,19,13,West,3,3,0,122,10,1,3,4,0,6,19,0,141,141,14,43,718,175,192,77.21428,28.49893
0101000020E6100000B6847CD0B34B5340265305A392A23C40,8,122,POLICE STATION-RAJENDER NAGAR,3013302.5278,RAJINDER NAGAR,1,21,1,31,474,32,11,East,3,3,0,123,6,2,8,6,0,52,21,0,111,111,10,39,571,193,159,77.18285,28.63505
0101000020E61000000B630B410E4A53401E7233DC80B73C40,8,123,POLICE STATION-SHALIMAR BAGH,1281611.55962,SHALIMAR BAGH,8,9,0,45,335,13,23,Outer,3,3,0,124,7,2,16,10,0,50,28,2,113,113,13,38,433,213,178,77.15712,28.71681
0101000020E61000007138F3AB394A53402CF180B229AF3C40,7,126,POLICE STATION-KESHAV PURAM,1352844.68462,KESHAV PURAM,1,43,0,21,336,47,10,South West,3,3,0,127,7,1,10,7,0,38,25,1,101,101,12,20,458,169,157,77.15977,28.68423
0101000020E6100000A1DB4B1AA347534033D769A4A5B23C40,23,132,POLICE STATION-RANI BAGH,2974723.88751,RANI BAGH,2,25,1,56,496,27,10,East,3,3,0,133,7,1,6,10,1,57,31,3,129,129,13,58,617,228,198,77.11933,28.69784
0101000020E61000008CA19C68574D5340DF15C1FF56AA3C40,5,134,POLICE STATION-BARA HINDU RAO,1749323.88109,BARA HINDU RAO,6,20,2,35,284,10,10,North East,3,3,0,135,4,1,11,6,0,21,22,3,70,70,5,8,367,120,114,77.20846,28.66539
0101000020E61000003DB83B6BB74D5340E17A14AE47A13C40,17,135,POLICE STATION-CONNAUGHT PLACE,5266891.99585,CONNAUGHT PLACE,1,11,0,55,800,36,6,North West,3,3,0,136,12,2,11,10,1,55,32,0,147,147,12,60,909,239,219,77.21432,28.63
0101000020E6100000842A357BA04F5340F2CD3637A6973C40,8,137,POLICE STATION-HAZRAT NIZAMUDDIN,10316304.0447,H. N. DIN,1,8,1,15,214,14,4,South East,3,2,0,138,8,1,16,7,0,51,34,0,54,54,9,9,257,136,115,77.24417,28.59238
0101000020E6100000DEB06D51664F53406A4DF38E53A43C40,11,138,POLICE STATION-DARYAGANJ,5570696.13208,DARYA GANJ,4,5,0,19,180,8,6,North West,3,3,0,139,6,2,7,13,0,80,25,0,146,146,11,85,222,253,206,77.24062,28.6419
0101000020E610000047551344DD455340DF15C1FF56B23C40,7,139,POLICE STATION-MANGOLPURI,2980192.32158,MANGOLPURI,8,15,1,9,116,27,10,South,3,4,0,140,8,4,9,9,1,52,34,4,106,106,15,15,186,187,185,77.09163,28.69664
0101000020E61000002A137EA99F535340EC478AC8B0AA3C40,9,140,POLICE STATION-VIVEK VIHAR,4731868.99746,VIVEKVIHAR,0,1,0,6,120,1,3,New Delhi,3,2,0,141,11,1,6,3,1,49,19,1,142,142,19,79,131,212,199,77.30662,28.66676
0101000020E6100000B22E6EA3014E53401D3D7E6FD3A73C40,9,141,POLICE STATION-LAHORI GATE,2975208.71941,LAHORI GATE,9,12,2,10,244,20,5,South West,3,3,0,142,7,0,15,5,2,37,32,1,85,85,8,3,302,154,143,77.21885,28.65557
0101000020E610000084B1852007455340CD88D2DEE0B33C40,7,142,POLICE STATION-SULTANPURI,1975070.37271,SULTAN PURI,0,9,0,66,631,16,7,Outer,3,2,0,143,7,2,10,5,1,65,30,2,131,131,12,57,729,223,192,77.07856,28.70265
0101000020E610000076FD82DDB051534065CC5D4BC8A73C40,8,143,POLICE STATION-GEETA COLONY,1021961.2191,GEETA COLONY,3,6,0,9,254,9,11,North,3,3,0,144,7,1,9,8,2,53,24,0,152,152,13,92,292,236,210,77.27642,28.6554
0101000020E61000001904560E2D4E53400EF8FC3042B03C40,14,145,POLICE STATION-CIVIL LINES,4215542.87998,CIVIL LINES,3,9,0,63,791,24,17,North West,3,3,0,146,10,2,14,8,1,40,44,3,95,95,13,36,907,183,179,77.2215,28.68851
0101000020E61000007AC2120F284B53407E1D386744B13C40,10,146,POLICE STATION-ASHOK VIHAR,3536288.0393,ASHOK VIHAR,5,10,2,52,445,22,7,North East,3,3,0,147,10,2,14,8,1,55,29,2,120,120,13,47,543,209,188,77.17432,28.69245
0101000020E6100000543541D47D465340C173EFE192A33C40,12,147,POLICE STATION-TILAK NAGAR,1622207.44643,TILAK NAGAR,7,29,3,44,466,27,8,Outer,3,2,0,148,9,2,20,14,0,62,29,4,144,144,13,80,584,249,217,77.10143,28.63896
0101000020E6100000DE76A1B94E455340CA1AF5108D963C40,11,148,POLICE STATION-PALAM VILLAGE,1326803.62449,PALAM VILLAGE,4,9,3,22,192,19,4,West,3,3,0,149,6,3,4,7,2,28,26,1,94,94,10,6,253,144,152,77.08293,28.58809
0101000020E6100000ECFA05BB61495340C41B9947FEA83C40,10,149,POLICE STATION-MOTI NAGAR,3148605.14162,MOTI NAGAR,2,24,0,44,814,41,24,West,3,3,0,150,5,2,18,10,1,42,26,3,87,87,8,31,949,184,145,77.14659,28.66013
0101000020E6100000A6D0798D5D4653404DD1915CFE9B3C40,9,150,POLICE STATION-HARI NAGAR,2386161.47934,HARI NAGAR,5,17,0,11,469,21,5,South East,3,2,0,151,5,1,17,6,0,56,29,3,112,112,12,55,528,202,170,77.09946,28.60935
0101000020E6100000722EC555654D534092C6681D55A53C40,13,151,POLICE STATION-PAHARGANJ,1728182.34639,PAHARGANJ,7,16,0,19,283,29,14,West,3,3,0,152,11,1,9,9,0,47,39,0,127,127,12,15,368,213,202,77.20931,28.64583
0101000020E61000003A234A7B834D53403AE97DE36BA73C40,10,152,POLICE STATION-SADAR BAZAR,2975208.71941,SADAR BAZAR,4,3,0,13,379,3,4,Central,3,2,0,153,7,0,20,9,0,37,27,3,90,90,8,14,406,164,146,77.21115,28.65399
0101000020E6100000C269C18BBE4C534009E1D1C611933C40,8,153,POLICE STATION-SAROJINI NAGAR,1891342.63444,SAROJINI NAGAR,1,5,0,25,347,6,0,Central,3,2,0,154,9,2,22,9,0,48,27,1,97,97,8,37,384,178,155,77.19913,28.57449
0101000020E6100000CD069964E43E53406ABC7493189C3C40,9,154,POLICE STATION-NAJAFGARH,8461597.12373,NAJAFGARH,2,4,0,54,895,9,9,West,3,2,0,155,7,2,14,10,1,54,25,5,107,107,13,28,973,196,172,76.98269,28.60975
0101000020E6100000840D4FAF944553409D9D0C8E92873C40,8,155,POLICE STATION-KAPASHERA,21500572.7905,KAPASHERA,1,12,3,19,143,16,2,South West,2,2,0,156,4,2,11,5,1,22,23,1,62,62,9,16,196,107,109,77.0872,28.52958
0101000020E6100000CE8DE9094B54534030D80DDB169D3C40,6,156,POLICE STATION-KALYAN PURI DELHI,878452.778898,KALYANPURI,5,8,0,33,245,9,3,South West,3,2,0,157,6,2,9,9,1,50,23,0,98,98,8,44,303,169,149,77.31708,28.61363
0101000020E6100000FD82DDB06D5353402C211FF46C7E3C40,9,157,POLICE STATION-BADARPUR,2116989.69724,BADAR PUR,4,11,1,59,318,10,8,North East,3,3,0,158,9,2,13,9,0,52,40,0,135,135,9,50,411,220,207,77.30357,28.49385
0101000020E6100000C5AC174339495340F19D98F562B03C40,8,158,POLICE STATION-SUBHASH PLACE,885072.497978,SUBHASH PLACE,10,15,1,54,590,5,26,Outer,3,3,0,159,8,1,14,9,0,54,30,1,92,92,14,15,701,197,158,77.14412,28.68901
0101000020E61000008C84B69C4B4D5340DD76A1B94EAB3C40,10,159,POLICE STATION-SABZI MANDI,2975208.71941,SUBZIMANDI,7,14,2,61,644,9,17,Outer,3,1,0,160,7,1,17,8,0,40,30,2,100,100,11,16,754,187,160,77.20774,28.66917
0101000020E6100000137EA99F374D53402827DA5548B13C40,6,160,POLICE STATION-MAURICE NAGAR,6149745.10424,MAURICE NAGAR,2,31,0,31,469,38,10,South,3,2,0,161,5,3,3,4,5,28,23,1,65,65,23,34,581,115,131,77.20652,28.69251
0101000020E61000005DBA490C024D5340EC34D25279A33C40,11,162,POLICE STATION-MANDIR MARG,9889059.63099,MANDIR MARG,5,24,4,50,817,68,15,South,3,3,0,163,15,1,8,6,1,24,22,0,75,75,12,11,983,136,135,77.20325,28.63857
0101000020E61000005DF92CCF834D53408C2D043928993C40,11,163,POLICE STATION-TUGHLAK ROAD,6857849.29349,TUGLAK ROAD,3,15,0,67,595,17,8,Outer,3,2,0,164,14,1,29,16,2,40,20,1,157,157,14,99,705,248,227,77.21117,28.59827
0101000020E61000002C82FFAD644F5340B610E4A084913C40,9,168,POLICE STATION-LAJPAT NAGAR,1505936.69173,LAJPAT NAGAR,1,7,0,15,160,8,8,South,3,3,0,169,8,2,12,12,0,50,35,1,76,76,12,16,199,158,149,77.24052,28.56843
0101000020E610000052D50451F751534050C24CDBBFAA3C40,7,169,POLICE STATION-KRISHNA NAGAR,1904048.82379,KRISHNA NAGAR,7,13,2,14,133,25,4,South West,3,1,0,170,9,1,10,8,0,39,21,2,85,85,11,23,198,148,138,77.28072,28.66699
0101000020E6100000F41ABB44F54E5340DFE00B93A99A3C40,9,170,POLICE STATION-PRASHANT VIHAR,6857849.29349,PRASHANT VIHAR,7,8,0,41,457,39,14,East,2,3,0,171,6,2,6,5,0,65,28,2,148,148,9,64,566,244,203,77.23372,28.60415
0101000020E6100000E36BCF2C09545340382861A6EDA73C40,7,171,POLICE STATION-ANAND VIHAR,4558969.69225,ANANDVIHAR,10,14,0,99,457,24,15,North East,2,2,0,172,10,2,5,2,0,54,21,0,144,144,15,93,619,227,196,77.31306,28.65597
0101000020E6100000A6E8482EFF49534099F5622827C23C40,6,172,POLICE STATION-SWAROOP NAGAR,12088114.5743,SWARUP NAGAR,4,23,1,52,443,31,6,Outer,3,3,0,173,5,1,9,4,0,73,26,1,108,108,9,77,560,205,157,77.1562,28.75841
0101000020E61000006DCA15DEE54E5340AEB6627FD98D3C40,8,173,POLICE STATION-GREATER KAILASH I,3793564.84265,GREATER KAILASH,0,2,0,12,164,6,4,North,3,2,0,174,6,1,8,7,3,48,29,1,99,99,8,63,188,170,156,77.23278,28.5541
0101000020E61000008E40BCAE5F4453400C76C3B645A13C40,8,174,POLICE STATION-VIKASPURI,1247661.87373,VIKAS PURI,2,3,1,14,204,7,1,New Delhi,3,3,0,175,4,1,10,6,2,40,25,0,70,70,16,1,232,132,127,77.06834,28.62997
0101000020E6100000878A71FE26445340B8533A58FF9F3C40,11,176,POLICE STATION-UTTAM NAGAR,2747375.47915,UTTAM NAGAR,2,10,1,81,1042,23,21,Outer,2,2,0,177,10,2,10,5,2,50,29,1,133,133,10,50,1180,227,194,77.06488,28.62499
0101000020E61000008577B988EF4E53408DB454DE8E903C40,9,180,POLICE STATION-DEFENCE COLONY,2480276.53415,DEFENCE COLONY,3,14,1,25,158,16,10,North West,3,2,0,181,10,1,13,14,1,42,19,2,110,110,11,39,227,187,170,77.23337,28.56468
0101000020E6100000143FC6DCB55253400E10CCD1E38F3C40,5,181,POLICE STATION-JAMIA NAGAR,7880690.98096,JAMIA NAGAR,9,23,4,20,261,23,5,South East,3,2,0,182,10,1,12,9,0,60,44,1,84,84,10,24,345,169,161,77.29235,28.56207
0101000020E6100000884160E5D04E5340B54AB0389CA93C40,6,185,POLICE STATION-KASHMERE GATE,1627909.97434,KASHMERE GATE,0,9,3,17,340,17,12,South West,3,2,0,186,7,0,14,14,2,25,32,0,85,85,10,36,398,145,152,77.2315,28.66254
0101000020E6100000A25D85949F525340D50968226C803C40,16,188,POLICE STATION PRAHLADPUR,3852127.69559,PULPRAHLAD PUR,2,15,1,41,389,24,9,East,3,2,0,189,10,2,6,4,1,50,37,1,99,99,10,49,481,183,166,77.29099,28.50165
0101000020E6100000EEB1F4A10B525340D1CB28965B8A3C40,13,190,POLICE STATION-SARITA VIHAR,6171102.99116,SARITA VIHAR,1,12,0,12,211,8,1,Central,2,3,0,191,10,1,9,8,0,39,32,0,108,108,9,32,245,172,171,77.28196,28.54046
0101000020E61000001C5F7B6649445340F3328AE596AE3C40,12,192,POLICE STATION-NANGLOI,2253261.51423,NANGLOI,3,13,5,58,838,23,15,West,3,2,0,193,6,2,21,6,1,57,25,1,126,126,12,79,955,234,181,77.06698,28.68199
0101000020E6100000BB270F0BB54C53405778978BF88E3C40,17,193,POLICE OUTPOST-SAFDARJUNG ENCLAVE,3486811.52256,SAFDARJUNG ENCLAVE,2,7,0,1,83,3,10,Central,3,2,0,194,10,3,6,12,0,58,20,0,143,143,14,79,106,237,204,77.19855,28.55848
0101000020E6100000BC79AA436E4E5340B1E1E995B2A43C40,6,194,POLICE STATION-HAUZ QAZI,3095888.32288,HAUZQAZI,1,6,0,12,431,37,4,South East,3,2,0,195,3,2,23,6,0,18,24,0,73,73,9,7,491,127,119,77.22548,28.64335
0101000020E6100000274EEE77284C53401B0DE02D90B03C40,NA,33,POLICE OUTPOST-SANGAM VIHAR,1539302.33714,NA,NA,NA,,NA,NA,NA,NA,NA,NA,NA,NA,34,NA,NA,NA,NA,,,NA,NA,NA,NA,NA,NA,,,,77.18997,28.6897
0101000020E6100000E3FC4D2844445340CEFC6A0E10943C40,2,199,POLICE STATION-DWARKA SOUTH,30068547.981,DWARKA SOUTH,4,8,2,28,299,17,4,North,0,2,0,200,5,3,0,9,1,55,22,1,126,126,17,40,362,187,186,77.06666,28.57837
0101000020E6100000637FD93D7946534007B13385CEAB3C40,10,200,POLICE STATION-PASCHIM VIHAR,3794663.79732,PASCHIM VIHAR,2,13,0,48,526,13,30,East,3,1,0,201,6,2,11,7,1,56,33,4,111,111,12,58,632,221,177,77.10115,28.67112
0101000020E61000004E9CDCEF50445340E6797077D69E3C40,6,201,POLICE STATION-BINDAPUR,2747375.47915,BINDAPUR,4,4,1,64,417,11,8,North West,3,2,0,202,5,2,12,9,1,63,24,2,106,106,12,43,509,198,163,77.06744,28.62046
0101000020E6100000691D554D104F5340660FB402439E3C40,12,203,POLICE STATION-TILAK MARG,3748441.99855,TILAK MARG,8,19,1,36,294,16,7,Outer,3,2,0,204,12,2,17,8,1,45,22,0,116,116,10,74,381,200,173,77.23537,28.61821
0101000020E61000008126C286A74753405604FF5BC9A63C40,16,204,POLICE STATION-RAJOURI GARDEN,1798942.912,RAJOURI GARDEN,1,7,0,37,567,20,4,East,3,2,0,205,8,1,20,12,1,57,34,1,152,152,12,81,636,252,223,77.1196,28.65151
0101000020E610000053D0ED258D4F5340D105F52D73823C40,14,206,POLICE STATION-SANGAM VIHAR,3105723.33007,SANGAM VIHAR,3,6,0,17,179,8,2,Central,2,2,0,207,13,2,7,8,0,42,34,0,125,125,15,17,215,192,199,77.24299,28.50957
0101000020E6100000AEB14B546F53534033E197FA799B3C40,8,207,POLICE STATION-MAYUR VIHAR EAST,2111658.82806,MAYURVIHAR,0,7,0,13,201,10,14,South,2,2,0,208,7,1,4,8,0,29,22,0,101,101,4,24,245,158,145,77.30367,28.60733
0101000020E610000029965B5A0D455340018750A566BF3C40,16,210,POLICE STATION-SAHABAD DAIRY,49822649.5284,SHAHBAD DAIRY,0,8,0,18,315,5,6,Central,3,3,0,211,9,2,5,9,2,57,25,2,135,135,8,76,352,222,195,77.07894,28.74766
0101000020E610000057CF49EF1B515340A913D044D8A83C40,8,213,POLICE STATION-GANDHI NAGAR,1205110.77596,GANDHI NAGAR,1,2,0,32,313,5,1,North,3,2,0,214,8,2,9,2,1,46,22,0,122,122,8,66,354,189,167,77.26733,28.65955
0101000020E61000002849D74CBE435340B858518369903C40,9,215,POLICE STATION-DWARKA SECTOR 23,30068547.981,DWARKA SEC-23,4,1,0,28,437,4,1,Central,2,1,1,216,5,2,10,8,2,43,22,1,138,138,12,70,475,203,192,77.05849,28.56411
0101000020E6100000E0A128D0274A53403DD52137C3A53C40,16,216,POLICE STATION-RANJIT NAGAR,2003783.7619,RANJIT NAGAR,3,9,0,38,324,16,13,East,3,2,0,217,8,1,6,8,0,49,24,0,116,116,8,56,403,203,167,77.15868,28.64751
0101000020E6100000EA3E00A94D4253408FC2F5285CA73C40,19,217,POLICE STATION-RANHOLA,11283823.514,RANHOLA,3,15,2,45,319,47,33,East,3,2,0,218,4,2,6,9,0,52,24,2,119,119,13,61,464,232,175,77.03599,28.65375
0101000020E6100000545227A0894E534081785DBF60873C40,9,218,POLICE STATION-SAKET,2732945.71798,SAKET,2,0,0,2,126,4,0,Central,3,3,0,219,10,2,3,8,1,57,25,1,141,141,11,60,134,213,202,77.22715,28.52882
0101000020E6100000F7065F984C5153402406819543A33C40,10,219,POLICE STATION-SHAKARPUR,3019451.76644,SHAKARPUR,4,2,0,38,266,13,4,Central,3,2,0,220,13,2,5,11,1,45,35,1,127,127,8,8,327,194,200,77.2703,28.63775
0101000020E610000049F4328AE552534088D7F50B76A33C40,7,221,POLICE STATION-PREET VIHAR,2272578.6977,PREETVIHAR,4,5,1,42,509,3,4,East,3,2,0,222,7,1,6,5,0,56,16,1,156,156,8,121,568,232,196,77.29526,28.63852
0101000020E610000011018750A54853405C1B2AC6F9A33C40,7,224,POLICE STATION-KIRTI NAGAR,1511976.15512,KIRTI NAGAR,6,16,2,16,203,23,8,South West,3,3,0,225,7,1,17,9,0,43,24,3,75,75,10,25,274,153,132,77.13509,28.64053
0101000020E61000009E0C8E92574D5340DABFB2D2A48C3C40,9,226,POLICE STATION-HAUZ KHAS,2436526.4577,HAUZ KHAS,4,10,1,17,367,15,3,South East,3,3,0,227,10,3,12,7,1,59,23,1,156,156,9,89,417,242,213,77.20847,28.54939
0101000020E61000005396218E75415340D747A7AE7CCE3C40,5,234,POLICE STATION-BAWANA,40327922.924,BAWANA,6,20,3,93,383,13,8,North East,3,2,0,235,9,1,11,9,2,41,34,1,68,68,12,32,526,136,138,77.0228,28.80659
0101000020E610000039B4C876BE4753406B04E275FDBA3C40,5,244,POLICE STATION-KN KATJU MARG,8251478.93322,KN KATJU MARG,1,3,0,14,273,8,4,South East,3,2,0,245,7,2,6,6,0,57,31,1,134,134,10,67,303,209,193,77.121,28.73043
0101000020E6100000B2BAD573D24F5340AA8251499DA03C40,9,245,POLICE STATION-IP ESTATE,9253420.86508,I.P. ESTATE,5,22,2,18,576,27,4,South East,3,3,0,246,7,2,7,11,0,58,20,3,126,126,12,47,654,207,184,77.24722,28.6274
0101000020E61000005F419AB1684E534033C4B12E6E933C40,7,248,POLICE STATION-KOTLA MUBARAKPUR,1628367.16447,KOTALA MUBARAK PUR,7,2,5,28,467,48,14,South West,3,3,0,249,10,2,7,7,0,32,16,0,93,93,8,10,571,156,139,77.22514,28.5759
0101000020E6100000A0A696ADF54753400C76C3B645993C40,10,249,POLICE STATION-DELHI CANTT,42836353.412,DELHI CANTT,1,7,0,27,246,9,3,North,3,2,1,250,8,2,13,8,1,42,22,1,112,112,9,58,293,183,166,77.12437,28.59872
0101000020E6100000FFE7305F5E4C53400F069E7B0FA73C40,7,250,POLICE STATION-DESH BANDHU GUPTA ROAD,1643641.8886,D.B.G ROAD,4,11,1,57,397,18,12,North West,3,2,0,251,9,2,7,6,0,21,27,0,83,83,15,18,500,133,144,77.19326,28.65258
0101000020E6100000E57E87A240475340C785032159A83C40,9,252,POLICE STATION-KHYALA,2093069.91358,KHYALA,5,18,6,30,663,60,11,South West,2,1,0,253,8,1,5,6,0,36,25,1,90,90,11,16,793,153,143,77.11332,28.65761
0101000020E610000067D5E76A2B5253405B087250C2A43C40,17,253,POLICE STATION-JAGAT PURI,1021961.2191,JAGATPURI,9,30,0,23,645,27,6,South East,3,2,0,254,7,1,6,4,1,50,20,0,99,99,8,71,740,181,142,77.2839,28.64359
0101000020E6100000AE64C746204A53403AE466B801A73C40,9,255,POLICE STATION-PATEL NAGAR,4104570.16645,PATEL NAGAR,2,6,2,47,437,10,13,East,3,3,0,256,8,1,19,9,0,32,23,1,88,88,9,26,517,164,142,77.15822,28.65237
0101000020E6100000D40E7F4DD64A53402C26361FD78E3C40,7,257,POLICE STATION-VASANT VIHAR,14105371.6017,VASANT VIHAR,2,5,1,5,41,5,3,New Delhi,3,2,0,258,12,6,14,8,0,44,25,1,95,95,13,7,62,166,162,77.16933,28.55797
0101000020E6100000956588635D4C534082AD122C0EA73C40,13,258,POLICE STATION-KAROL BAGH,1643641.8886,KAROL BAGH,4,24,0,36,129,9,8,South West,3,3,0,259,10,1,8,7,0,87,43,0,175,175,8,116,210,294,247,77.1932,28.65256
0101000020E6100000B1C403CAA650534040A4DFBE0E943C40,17,259,POLICE STATION-SUNLIGHT COLONY,2112193.77402,SUNLIGHT COLONY,6,27,0,82,1273,40,5,Outer,3,2,0,260,12,1,6,7,0,51,41,0,101,101,15,42,1433,183,179,77.26018,28.57835
0101000020E61000007901F6D1A9455340C39E76F86BDA3C40,9,262,POLICE STATION-NARELA,20333276.9731,NARELA,6,17,0,17,316,38,6,West,2,3,0,263,11,2,9,15,1,51,38,2,179,179,14,14,400,256,265,77.08849,28.85321
0101000020E610000000E31934F45353400C1F115322993C40,8,263,POLICE STATION-NEW ASHOK NAGAR,3300804.93713,NEW ASHOK NAGAR,2,18,2,126,945,52,34,North East,2,2,0,264,6,3,12,6,1,35,30,1,104,104,10,18,1179,195,163,77.31178,28.59818
0101000020E6100000A81DFE9AAC4D53407FD4264EEE9F3C40,18,264,POLICE STATION-PARLIAMENT STREET,5266891.99585,PARLIAMENT STREET,7,5,0,29,368,18,12,East,3,4,0,265,18,2,20,14,2,63,25,1,159,159,12,59,439,275,237,77.21366,28.62473
0101000020E6100000E3C798BB9644534009D7A3703DAA3C40,7,265,POLICE STATION-NIHAL VIHAR,3660010.61871,NIHAL VIHAR,1,6,3,39,437,14,9,West,3,2,0,266,7,2,9,6,0,69,36,1,137,137,11,77,509,234,202,77.0717,28.665
0101000020E6100000B329577897535340F2EF332E1CA03C40,18,271,POLICE STATION-MADHU VIHAR,4995712.62176,MADHUVIHAR,4,23,1,9,623,40,7,South,3,1,0,272,9,1,6,8,0,55,24,1,109,109,11,56,707,198,164,77.30612,28.62543
0101000020E6100000930035B56C4B5340E600C11C3DAE3C40,20,273,POLICE STATION-BHARAT NAGAR,1939521.81773,BHARAT NAGAR,3,5,0,44,256,15,18,North West,3,2,0,274,8,1,6,6,2,52,27,0,122,122,14,56,341,221,182,77.17851,28.68062
0101000020E6100000B329577897535340F2EF332E1CA03C40,12,274,POLICE STATION-MANDAWALI,4995712.62176,MANDAWALI,2,9,1,15,522,21,23,South,3,1,0,275,7,3,10,6,0,32,23,0,101,101,9,37,593,181,150,77.30612,28.62543
0101000020E610000087DC0C37E03D5340F0F96184F0A03C40,2,279,POLICE STATION-BABA HARIDAS NAGAR,28982133.5824,BABA HARI DAS NAGAR,2,9,1,67,409,17,7,North East,0,2,0,280,6,1,0,6,1,54,19,5,107,107,19,23,512,170,166,76.96681,28.62867
0101000020E6100000EBA86A82A83F534002B2D7BB3F963C40,21,280,POLICE STATION-CHHAWLA,26309445.5872,CHHAWLA,2,6,0,62,480,15,10,North West,3,3,0,281,8,2,6,6,1,55,23,4,126,126,16,71,575,221,189,76.99466,28.58691
0101000020E61000003D44A33B884B5340E7305F5E80853C40,9,281,POLICE STATION-MEHRAULI,38911866.7814,MEHRAULI,0,5,1,21,541,23,21,South,3,3,0,282,14,2,7,9,0,51,34,1,155,155,9,43,612,246,227,77.18019,28.52149
0101000020E61000002C6519E258495340B37BF2B050B33C40,6,282,POLICE STATION-MAURYA ENCLAVE,5879256.00292,MAURYA ENCLAVE,4,14,1,28,359,45,21,South,3,2,0,283,7,2,9,6,2,84,23,0,126,126,12,83,472,249,180,77.14605,28.70045
0101000020E6100000938C9C853D455340D3484BE5EDA03C40,11,284,POLICE STATION-JANAKPURI,2051115.23358,JANAK PURI,8,16,5,31,403,25,3,South East,3,2,0,285,7,1,12,8,1,68,35,1,131,131,10,85,491,228,196,77.08188,28.62863
0101000020E6100000793BC269C14B5340A4A0DB4B1AAB3C40,8,286,POLICE STATION-SARAI ROHILLA,1948430.28639,SARAI ROHILLA,0,14,1,15,320,11,2,Central,3,2,0,287,9,3,15,6,1,35,37,1,86,86,7,33,363,149,152,77.18368,28.66837
0101000020E61000008E23D6E2534C53404EAF946588AB3C40,5,287,POLICE STATION-GULABI BAGH,2218660.17765,GULABIBAGH,1,0,1,22,295,2,2,North,3,2,0,288,5,0,7,5,0,25,29,0,65,65,10,29,323,107,116,77.19262,28.67005
0101000020E610000034A2B437F84C5340491630815BAF3C40,9,289,POLICE STATION-ROOP NAGAR,1076492.63403,ROOP NAGAR,10,16,1,31,436,25,13,East,3,2,0,290,6,2,8,6,0,30,31,1,90,90,12,4,532,153,150,77.20265,28.68499
0101000020E6100000B6A1629CBF49534045F0BF95EC883C40,7,290,POLICE STATION-VASANT KUNJ,14105371.6017,VASANT KUNJ NORTH,2,8,0,35,648,14,2,Outer,3,3,0,291,10,2,13,9,1,52,25,1,128,128,11,42,709,205,190,77.15232,28.53486
0101000020E61000006F8104C58F47534083D382177DB53C40,14,293,POLICE STATION-NORTH ROHINI,2076678.92727,ROHINI NORTH,2,18,1,18,425,23,9,West,3,2,0,294,5,2,6,9,1,56,22,1,132,132,10,90,496,220,184,77.11815,28.70894
0101000020E61000000F971C774A5553401C9430D3F69F3C40,0,3,POLICE STATION-GHAZIPUR,2886810.13035,GHAZIPUR,0,2,0,1,107,1,1,North,0,2,NA,4,4,2,0,9,1,0,26,0,0,83,12,0,112,1,,77.33267,28.62486
0101000020E6100000FC8C0B07425453402E17F19D98AD3C40,12,35,POLICE STATION-SEEMAPURI,4731868.99746,SEEMAPURI,1,2,0,16,263,14,11,Central,3,1,NA,36,10,1,30,8,2,56,38,0,96,96,11,22,307,208,,77.31653,28.67811
0101000020E6100000D0D556EC2F5153405AB1BFEC9EAC3C40,10,75,POLICE STATION-SEELAMPUR,1576237.37994,SEELAMPUR,4,16,1,46,411,12,12,Central,3,2,NA,76,6,1,35,9,1,57,27,0,115,115,12,65,502,232,,77.26855,28.6743
0101000020E610000032F9669B1B5353409FB0C403CAAE3C40,0,81,POLICE STATION-MANSAROVER PARK,2231365.61927,MANSAROVAR PARK,7,29,0,17,336,30,20,South,0,1,NA,82,7,1,0,8,0,0,19,2,0,63,9,0,439,20,,77.29856,28.68277
0101000020E61000004A5E9D634052534093F6065F98AC3C40,8,88,POLICE STATION-SHAHDARA,2231365.61927,SHAHDARA,1,11,0,8,142,47,15,Central,3,3,NA,89,9,1,20,6,1,47,19,2,132,132,11,76,224,225,,77.28518,28.6742
0101000020E61000005B2041F16350534058349D9D0CB63C40,13,115,POLICE STATION-KHAJOORI KHAS,4453887.39818,KHAJURIKHAS,2,7,0,20,175,24,6,South West,2,2,NA,116,9,1,12,7,1,36,28,1,132,132,13,41,234,201,,77.2561,28.71113
0101000020E6100000910F7A36AB5253406D179AEB34B23C40,20,120,POLICE STATION-JYOTI NAGAR,1275858.5284,JYOTI NAGAR,8,13,2,11,160,11,18,South East,3,2,NA,121,9,1,6,7,0,66,25,2,151,151,14,95,223,264,,77.2917,28.69612
0101000020E61000009786E12362545340AFFECF61BEB43C40,3,130,POLICE STATION-HARSH VIHAR,2572204.89502,HARSH VIHAR,2,9,0,23,471,17,7,South East,3,3,NA,131,6,0,9,6,0,63,28,0,106,106,7,79,529,191,,77.31849,28.70603
0101000020E61000002497FF907E3D5340959526A5A0AB3C40,1,187,POLICE STATION-MUNDKA,48582358.6399,MUNDKA,1,5,0,11,239,11,3,West,0,2,NA,188,6,3,0,9,0,0,29,3,0,69,9,0,270,4,,76.96085,28.67042
0101000020E6100000FE43FAEDEB505340C156091687B33C40,8,189,POLICE STATION-BHAJANPURA,10157991.6379,BHAJANPURI,3,19,4,25,193,19,28,North East,3,2,NA,190,6,1,22,9,0,47,29,1,125,125,10,49,291,233,,77.2644,28.70128
0101000020E6100000ACE28DCC234D53404777103B53A83C40,NA,50,POLICE OUTPOST-SADAR BAZAR,2975208.71941,NA,NA,NA,,NA,NA,NA,NA,NA,NA,NA,NA,51,NA,NA,NA,NA,,,NA,NA,NA,NA,NA,NA,,,,77.20531,28.65752
0101000020E610000081B2295778515340670A9DD7D8AD3C40,17,220,POLICE STATION-ZAFRABAD,1576237.37994,ZAFRABAD,1,2,0,3,66,4,3,New Delhi,3,1,NA,221,5,2,6,8,2,56,20,0,128,128,7,83,79,213,,77.27297,28.67909
0101000020E610000024D1CB2896515340A3CC069964AC3C40,5,222,POLICE STATION-WECOME,1805524.40737,WELCOME,0,2,0,15,337,5,5,New Delhi,3,3,NA,223,7,2,28,12,0,43,25,0,125,125,10,61,364,209,,77.27479,28.67341
0101000020E6100000EEE6A90EB95353405F46B1DCD2B23C40,11,225,POLICE STATION-NAND NAGARI,2028156.9695,NANDNAGARI,9,26,2,30,580,34,11,West,3,2,NA,226,8,1,28,10,0,58,31,1,103,103,8,38,692,214,,77.30817,28.69853
0101000020E61000004E621058395453407211DF8959AF3C40,9,227,POLICE STATION-G. T. B. ENCLAVE,2874304.37436,G.T.B. ENCLAVE,1,1,0,13,86,6,7,North,3,2,NA,228,8,1,15,7,0,53,20,3,128,128,8,94,114,215,,77.316,28.68496
0101000020E6100000D0D03FC1C55053400742B28009AC3C40,4,233,POLICE STATION-NEW USMANPUR,3093393.38651,NEW USMANPUR,0,8,1,10,580,9,5,West,3,2,NA,234,9,1,12,7,0,93,36,0,144,144,10,87,613,261,,77.26207,28.67202
0101000020E61000006E8B321B64505340834C327216B63C40,15,246,POLICE STATION-SONIA VIHAR,4453887.39818,SONIA VIHAR,6,25,1,25,300,42,8,Outer,3,3,NA,247,5,0,6,2,1,57,19,1,130,130,5,109,407,219,,77.25611,28.71128
0101000020E610000021B07268915153405E33F9669BBB3C40,4,247,POLICE STATION-KARAWAL NAGAR,2937546.57773,KARAWAL NAGAR,7,15,2,26,334,19,7,South West,3,3,NA,248,5,1,7,10,0,69,39,1,116,116,7,47,410,206,,77.2745,28.73284
0101000020E610000039454772F9515340B29DEFA7C6B33C40,10,267,POLICE STATION-GOKUL PURI,1566343.79097,GOKULPURI,2,6,2,22,306,19,8,North,3,1,NA,268,5,2,21,14,0,47,20,0,140,140,15,79,365,229,,77.28085,28.70225
0101000020E6100000728A8EE4F24F5340D3307C444C893C40,NA,1,POLICE STATION-CR PARK,2659329.53735,NA,NA,NA,,NA,NA,NA,NA,NA,NA,NA,NA,2,NA,NA,NA,NA,,,NA,NA,NA,NA,NA,NA,,,,77.2492,28.53632
0101000020E61000001361C3D32B5153405ABBED42738D3C40,NA,4,POLICE OUTPOST-OKHLA PHASE III,3930387.42733,NA,NA,NA,,NA,NA,NA,NA,NA,NA,NA,NA,5,NA,NA,NA,NA,,,NA,NA,NA,NA,NA,NA,,,,77.2683,28.55254
0101000020E6100000F20C1AFA274E5340D6C56D3480873C40,NA,5,POLICE OUT POST-SAKET COURT COMPLEX,2732945.71798,NA,NA,NA,,NA,NA,NA,NA,NA,NA,NA,NA,6,NA,NA,NA,NA,,,NA,NA,NA,NA,NA,NA,,,,77.22119,28.5293
0101000020E61000000AA2EE0390485340A3C2D84290AB3C40,NA,7,POLICE OUTPOST-CENTRAL MARKET PUNJABI BAGH,2577310.64044,NA,NA,NA,,NA,NA,NA,NA,NA,NA,NA,NA,8,NA,NA,NA,NA,,,NA,NA,NA,NA,NA,NA,,,,77.13379,28.67017
0101000020E61000000AA2EE0390485340A3C2D84290AB3C40,NA,8,POLICE OUTPOST-CEN MKT PUNJABI BAGH,2577310.64044,NA,NA,NA,,NA,NA,NA,NA,NA,NA,NA,NA,9,NA,NA,NA,NA,,,NA,NA,NA,NA,NA,NA,,,,77.13379,28.67017
0101000020E61000006436C824234953409B030473F4883C40,NA,11,POLICE STATION-DELHI TRAFFIC,14105371.6017,NA,NA,NA,,NA,NA,NA,NA,NA,NA,NA,NA,12,NA,NA,NA,NA,,,NA,NA,NA,NA,NA,NA,,,,77.14277,28.53498
0101000020E6100000A52C431CEB545340BD3AC780ECAD3C40,NA,15,POLICE STATION-OLD SEEMAPURI,4731868.99746,NA,NA,NA,,NA,NA,NA,NA,NA,NA,NA,NA,16,NA,NA,NA,NA,,,NA,NA,NA,NA,NA,NA,,,,77.32685,28.67939
0101000020E610000003780B24284A534019CA8976157A3C40,NA,17,POLICE OUTPOST-GADAIPUR,19687900.1312,NA,NA,NA,,NA,NA,NA,NA,NA,NA,NA,NA,18,NA,NA,NA,NA,,,NA,NA,NA,NA,NA,NA,,,,77.1587,28.47689
0101000020E61000003E5C72DC295153409B5AB6D617913C40,NA,18,POLICE OUTPOST-NEW FRIENDS COLONY,4045386.71006,NA,NA,NA,,NA,NA,NA,NA,NA,NA,NA,NA,19,NA,NA,NA,NA,,,NA,NA,NA,NA,NA,NA,,,,77.26818,28.56677
0101000020E6100000E50AEF72115353406BB2463D44833C40,NA,20,POLICE OUTPOST-BADARPUR,2116989.69724,NA,NA,NA,,NA,NA,NA,NA,NA,NA,NA,NA,21,NA,NA,NA,NA,,,NA,NA,NA,NA,NA,NA,,,,77.29794,28.51276
0101000020E6100000C173EFE1924D5340946A9F8EC7A43C40,NA,26,POLICE OUTPOST-SANGH TRASHAN,1799866.44615,NA,NA,NA,,NA,NA,NA,NA,NA,NA,NA,NA,27,NA,NA,NA,NA,,,NA,NA,NA,NA,NA,NA,,,,77.21209,28.64367
0101000020E61000008FDFDBF46749534039622D3E05703C40,NA,31,POLICE OUTPOST-MANDI VILLAGE,35895594.9514,NA,NA,NA,,NA,NA,NA,NA,NA,NA,NA,NA,32,NA,NA,NA,NA,,,NA,NA,NA,NA,NA,NA,,,,77.14697,28.43758
0101000020E6100000202922C32A4C5340CDC29E76F86B3C40,NA,32,POLICE OUTPOST-BADI BHATI,57055391.7632,NA,NA,NA,,NA,NA,NA,NA,NA,NA,NA,NA,33,NA,NA,NA,NA,,,NA,NA,NA,NA,NA,NA,,,,77.19011,28.42176
0101000020E610000033C4B12E6E4D534050C24CDBBF8A3C40,NA,34,POLICE OUT POST-PANCHSHEEL PARK,3552670.91939,NA,NA,NA,,NA,NA,NA,NA,NA,NA,NA,NA,35,NA,NA,NA,NA,,,NA,NA,NA,NA,NA,NA,,,,77.20985,28.54199
0101000020E6100000907EFB3A705453407E18213CDAA83C40,NA,36,POLICE OUTPOST-ANAND VIHAR,4558969.69225,NA,NA,NA,,NA,NA,NA,NA,NA,NA,NA,NA,37,NA,NA,NA,NA,,,NA,NA,NA,NA,NA,NA,,,,77.31935,28.65958
0101000020E61000003EEDF0D764415340467C2766BD983C40,NA,38,POLICE OUTPOST-DWARKA SECTOR16,30068547.981,NA,NA,NA,,NA,NA,NA,NA,NA,NA,NA,NA,39,NA,NA,NA,NA,,,NA,NA,NA,NA,NA,NA,,,,77.02178,28.59664
0101000020E6100000A60F5D50DF4E5340F4328AE596A63C40,NA,39,POLICE OUTPOST-CHAWRI BAZAR,3817050.22424,NA,NA,NA,,NA,NA,NA,NA,NA,NA,NA,NA,40,NA,NA,NA,NA,,,NA,NA,NA,NA,NA,NA,,,,77.23238,28.65074
0101000020E6100000C24CDBBFB24E534050DA1B7C61AA3C40,NA,40,POLICE OUTPOST-KASMIRI GATE,1627909.97434,NA,NA,NA,,NA,NA,NA,NA,NA,NA,NA,NA,41,NA,NA,NA,NA,,,NA,NA,NA,NA,NA,NA,,,,77.22966,28.66555
0101000020E61000002C9ACE4E064F53400D2DB29DEFA73C40,NA,42,POLICE OUTPOST-CYCLE MARKET,3817050.22424,NA,NA,NA,,NA,NA,NA,NA,NA,NA,NA,NA,43,NA,NA,NA,NA,,,NA,NA,NA,NA,NA,NA,,,,77.23476,28.656
0101000020E6100000BE9F1A2FDD4E53402BFBAE08FEA73C40,NA,43,POLICE OUTPOST-CHANDNI CHOWK,3817050.22424,NA,NA,NA,,NA,NA,NA,NA,NA,NA,NA,NA,44,NA,NA,NA,NA,,,NA,NA,NA,NA,NA,NA,,,,77.23225,28.65622
0101000020E61000004A29E8F6924E53407008556AF6A83C40,NA,45,POLICE OUTPOST-OLD DELHI,1627909.97434,NA,NA,NA,,NA,NA,NA,NA,NA,NA,NA,NA,46,NA,NA,NA,NA,,,NA,NA,NA,NA,NA,NA,,,,77.22772,28.66001
0101000020E6100000169AEB34D24E53406184F068E3A83C40,NA,46,POLICE OUTPOST-OLD DELHI RAILWAY STATION,3817050.22424,NA,NA,NA,,NA,NA,NA,NA,NA,NA,NA,NA,47,NA,NA,NA,NA,,,NA,NA,NA,NA,NA,NA,,,,77.23158,28.65972
0101000020E6100000169AEB34D24E53406184F068E3A83C40,NA,47,POLICE OUTPOST-OLD DL RL ST,3817050.22424,NA,NA,NA,,NA,NA,NA,NA,NA,NA,NA,NA,48,NA,NA,NA,NA,,,NA,NA,NA,NA,NA,NA,,,,77.23158,28.65972
0101000020E61000006CB2463D444D5340361FD7868AA93C40,NA,48,POLICE OUTPOST-BARA HINDU RAO,2975208.71941,NA,NA,NA,,NA,NA,NA,NA,NA,NA,NA,NA,49,NA,NA,NA,NA,,,NA,NA,NA,NA,NA,NA,,,,77.20729,28.66227
0101000020E61000006F0D6C95604D53403ACC971760A73C40,NA,49,POLICE OUTPOST-SADAR BAZAR,2975208.71941,NA,NA,NA,,NA,NA,NA,NA,NA,NA,NA,NA,50,NA,NA,NA,NA,,,NA,NA,NA,NA,NA,NA,,,,77.20902,28.65381
0101000020E610000089EFC4AC17535340EF0390DAC4893C40,NA,51,POLICE OUTPOST-SARITA VIHAR,7942774.02487,NA,NA,NA,,NA,NA,NA,NA,NA,NA,NA,NA,52,NA,NA,NA,NA,,,NA,NA,NA,NA,NA,NA,,,,77.29832,28.53816
0101000020E61000003B8DB454DE4E5340499D8026C2A63C40,NA,52,POLICE OUTPOST-JAMA MASJID,3817050.22424,NA,NA,NA,,NA,NA,NA,NA,NA,NA,NA,NA,53,NA,NA,NA,NA,,,NA,NA,NA,NA,NA,NA,,,,77.23232,28.6514
0101000020E610000097E2AAB2EF4E53402EE7525C55A63C40,NA,53,POLICE OUTPOST-JAMA MASJID,3817050.22424,NA,NA,NA,,NA,NA,NA,NA,NA,NA,NA,NA,54,NA,NA,NA,NA,,,NA,NA,NA,NA,NA,NA,,,,77.23338,28.64974
0101000020E6100000A9D903ADC04E5340BCB376DB85A63C40,NA,54,POLICE OUTPOST-HAUZ QUAZI,3817050.22424,NA,NA,NA,,NA,NA,NA,NA,NA,NA,NA,NA,55,NA,NA,NA,NA,,,NA,NA,NA,NA,NA,NA,,,,77.23051,28.65048
0101000020E6100000FE78AF5A994E5340BB270F0BB5A63C40,NA,55,POLICE OUTPOST-CHAKERWALAN HAUZ QUAZI,3817050.22424,NA,NA,NA,,NA,NA,NA,NA,NA,NA,NA,NA,56,NA,NA,NA,NA,,,NA,NA,NA,NA,NA,NA,,,,77.22811,28.6512
0101000020E6100000FE78AF5A994E5340BB270F0BB5A63C40,NA,56,POLICE OUTPOST-CHKRWALAN HAUZ QUAZI,3817050.22424,NA,NA,NA,,NA,NA,NA,NA,NA,NA,NA,NA,57,NA,NA,NA,NA,,,NA,NA,NA,NA,NA,NA,,,,77.22811,28.6512
0101000020E610000082FFAD64C74C534082734694F6A63C40,NA,57,POLICE OUTPOST-JOSHI ROAD,1728182.34639,NA,NA,NA,,NA,NA,NA,NA,NA,NA,NA,NA,58,NA,NA,NA,NA,,,NA,NA,NA,NA,NA,NA,,,,77.19967,28.6522
0101000020E610000056F146E691515340ECC039234AAB3C40,NA,59,POLICE STATION-EAST PURANA SEELAMPUR,1205110.77596,NA,NA,NA,,NA,NA,NA,NA,NA,NA,NA,NA,60,NA,NA,NA,NA,,,NA,NA,NA,NA,NA,NA,,,,77.27453,28.6691
0101000020E610000056F146E691515340ECC039234AAB3C40,NA,60,POLICE STN-EAST PURANA SEELAMPUR,1205110.77596,NA,NA,NA,,NA,NA,NA,NA,NA,NA,NA,NA,61,NA,NA,NA,NA,,,NA,NA,NA,NA,NA,NA,,,,77.27453,28.6691
0101000020E6100000006F8104C5475340A79BC420B0AA3C40,NA,61,POLICE OUTPOST-PUNJABI BAGH,2577310.64044,NA,NA,NA,,NA,NA,NA,NA,NA,NA,NA,NA,62,NA,NA,NA,NA,,,NA,NA,NA,NA,NA,NA,,,,77.1214,28.66675
0101000020E6100000A9C1340C1F5153401D1B81785D9F3C40,NA,62,POLICE STATION-YAMUNA BANK,9253420.86508,NA,NA,NA,,NA,NA,NA,NA,NA,NA,NA,NA,63,NA,NA,NA,NA,,,NA,NA,NA,NA,NA,NA,,,,77.26752,28.62252
0101000020E61000004F75C8CD704F5340F2CD3637A6973C40,NA,63,POLICE OUTPOST-NIZAMUDDIN,10316304.0447,NA,NA,NA,,NA,NA,NA,NA,NA,NA,NA,NA,64,NA,NA,NA,NA,,,NA,NA,NA,NA,NA,NA,,,,77.24126,28.59238
0101000020E61000001500E319345053401EF98381E7963C40,NA,64,POLICE OUTPOST-NIZAMUDDIN,10316304.0447,NA,NA,NA,,NA,NA,NA,NA,NA,NA,NA,NA,65,NA,NA,NA,NA,,,NA,NA,NA,NA,NA,NA,,,,77.25318,28.58947
0101000020E6100000304CA60A464F5340406A1327F7933C40,NA,65,POLICE OUTPOST-LAJPAT NAGAR,1869748.09717,NA,NA,NA,,NA,NA,NA,NA,NA,NA,NA,NA,66,NA,NA,NA,NA,,,NA,NA,NA,NA,NA,NA,,,,77.23865,28.57799
0101000020E6100000DF6C73637A4E534044C02154A9993C40,NA,68,POLICE OUTPOST-KHAN MARKET,6857849.29349,NA,NA,NA,,NA,NA,NA,NA,NA,NA,NA,NA,69,NA,NA,NA,NA,,,NA,NA,NA,NA,NA,NA,,,,77.22622,28.60024
0101000020E6100000FAD51C20984F53401ABB44F5D6883C40,NA,69,POLICE POST-M BLOCK GREATER KAILASH,5224440.36659,NA,NA,NA,,NA,NA,NA,NA,NA,NA,NA,NA,70,NA,NA,NA,NA,,,NA,NA,NA,NA,NA,NA,,,,77.24366,28.53453
0101000020E610000018EC866D8B4A534072A774B0FE973C40,NA,70,POLICE STATION-SUBROTO PARK,42836353.412,NA,NA,NA,,NA,NA,NA,NA,NA,NA,NA,NA,71,NA,NA,NA,NA,,,NA,NA,NA,NA,NA,NA,,,,77.16476,28.59373
0101000020E6100000605969520A4853406DAD2F12DA7A3C40,NA,72,POLICE OUTPOST-AYA NAGAR,35895594.9514,NA,NA,NA,,NA,NA,NA,NA,NA,NA,NA,NA,73,NA,NA,NA,NA,,,NA,NA,NA,NA,NA,NA,,,,77.12563,28.47989
0101000020E6100000ACCABE2B824753407A884677107B3C40,NA,74,POLICE OUTPOST-FATEHPUR BERI,35895594.9514,NA,NA,NA,,NA,NA,NA,NA,NA,NA,NA,NA,75,NA,NA,NA,NA,,,NA,NA,NA,NA,NA,NA,,,,77.11732,28.48072
0101000020E6100000BFF1B567964A5340D45B035B25983C40,NA,76,POLICE STATION-DHAULA KUAN,42836353.412,NA,NA,NA,,NA,NA,NA,NA,NA,NA,NA,NA,77,NA,NA,NA,NA,,,NA,NA,NA,NA,NA,NA,,,,77.16543,28.59432
0101000020E61000008481E7DEC35553406E3480B740823C40,NA,78,POLICE OUTPOST-KHADDA COLONY,7604165.64516,NA,NA,NA,,NA,NA,NA,NA,NA,NA,NA,NA,79,NA,NA,NA,NA,,,NA,NA,NA,NA,NA,NA,,,,77.34008,28.5088
0101000020E6100000B745990D3255534042FF04172B823C40,NA,79,POLICE OUTPOST-ARPAN VIHAR,7604165.64516,NA,NA,NA,,NA,NA,NA,NA,NA,NA,NA,NA,80,NA,NA,NA,NA,,,NA,NA,NA,NA,NA,NA,,,,77.33118,28.50847
0101000020E610000047205ED72F4A5340289B728577913C40,NA,89,POLICE OUTPOST-VASANT VIHAR,14105371.6017,NA,NA,NA,,NA,NA,NA,NA,NA,NA,NA,NA,90,NA,NA,NA,NA,,,NA,NA,NA,NA,NA,NA,,,,77.15917,28.56823
0101000020E610000070CE88D2DE46534019868F8829B13C40,NA,94,POLICE STATION-PITAMPURA,2974723.88751,NA,NA,NA,,NA,NA,NA,NA,NA,NA,NA,NA,95,NA,NA,NA,NA,,,NA,NA,NA,NA,NA,NA,,,,77.10735,28.69204
0101000020E6100000C47C7901F64F5340B3CD8DE909833C40,NA,95,POLICE OUTPOST-SANGAM VIHAR,3105723.33007,NA,NA,NA,,NA,NA,NA,NA,NA,NA,NA,NA,96,NA,NA,NA,NA,,,NA,NA,NA,NA,NA,NA,,,,77.24939,28.51187
0101000020E61000005E6397A8DE4E5340FDF675E09C893C40,NA,97,POLICE POST-AMBEDKAR NAGAR,5224440.36659,NA,NA,NA,,NA,NA,NA,NA,NA,NA,NA,NA,98,NA,NA,NA,NA,,,NA,NA,NA,NA,NA,NA,,,,77.23234,28.53755
0101000020E6100000F6B4C35F93515340D72FD80DDB863C40,NA,99,POLICE STN-OKHLA INDUSTRIAL AREA,1716036.18985,NA,NA,NA,,NA,NA,NA,NA,NA,NA,NA,NA,100,NA,NA,NA,NA,,,NA,NA,NA,NA,NA,NA,,,,77.27462,28.52678
0101000020E61000007C2C7DE8824A5340F7065F984C953C40,NA,102,POLICE POST-SOUTH CAMPUS,3021926.12989,NA,NA,NA,,NA,NA,NA,NA,NA,NA,NA,NA,103,NA,NA,NA,NA,,,NA,NA,NA,NA,NA,NA,,,,77.16424,28.5832
0101000020E6100000E8B7AF03E74653407ED93D7958B83C40,NA,105,POLICE STATION-RITHALA,1934720.6237,NA,NA,NA,,NA,NA,NA,NA,NA,NA,NA,NA,106,NA,NA,NA,NA,,,NA,NA,NA,NA,NA,NA,,,,77.10785,28.7201
0101000020E610000000C63368E84B5340CF49EF1B5F833C40,NA,108,POLICE STATION-QUTAB MINAR METRO,1621952.56773,NA,NA,NA,,NA,NA,NA,NA,NA,NA,NA,NA,109,NA,NA,NA,NA,,,NA,NA,NA,NA,NA,NA,,,,77.18606,28.51317
0101000020E61000003D44A33B884B5340FF959526A5803C40,NA,110,POLICE STATION-CHHATARPUR MANDIR,19687900.1312,NA,NA,NA,,NA,NA,NA,NA,NA,NA,NA,NA,111,NA,NA,NA,NA,,,NA,NA,NA,NA,NA,NA,,,,77.18019,28.50252
0101000020E61000007A7077D66E4D534098395D1613BB3C40,NA,114,POLICE CHOKI-BURARI,11333876.3001,NA,NA,NA,,NA,NA,NA,NA,NA,NA,NA,NA,115,NA,NA,NA,NA,,,NA,NA,NA,NA,NA,NA,,,,77.20989,28.73076
0101000020E61000004BCD1E68054E5340CCD1E3F736D53C40,NA,118,POLICE STATION-MURADNAGAR,45805411.3354,NA,NA,NA,,NA,NA,NA,NA,NA,NA,NA,NA,119,NA,NA,NA,NA,,,NA,NA,NA,NA,NA,NA,,,,77.21908,28.83287
0101000020E61000002046088F364E53400CEA5BE674893C40,NA,124,POLICE STATION-TRIVENI,5224440.36659,NA,NA,NA,,NA,NA,NA,NA,NA,NA,NA,NA,125,NA,NA,NA,NA,,,NA,NA,NA,NA,NA,NA,,,,77.22208,28.53694
0101000020E6100000228E75711B435340C5FEB27BF2883C40,NA,125,POLICE STATION-PARIKCHITGARH,16008356.1966,NA,NA,NA,,NA,NA,NA,NA,NA,NA,NA,NA,126,NA,NA,NA,NA,,,NA,NA,NA,NA,NA,NA,,,,77.04855,28.53495
0101000020E6100000158733BF9A455340904946CEC28E3C40,NA,127,POLICE OUTPOST-IGI,42836353.412,NA,NA,NA,,NA,NA,NA,NA,NA,NA,NA,NA,128,NA,NA,NA,NA,,,NA,NA,NA,NA,NA,NA,,,,77.08757,28.55766
0101000020E6100000026553AEF04E5340CEC7B5A162A43C40,NA,128,POLICE OUT POST-TURAKMAN GATE,5570696.13208,NA,NA,NA,,NA,NA,NA,NA,NA,NA,NA,NA,129,NA,NA,NA,NA,,,NA,NA,NA,NA,NA,NA,,,,77.23344,28.64213
0101000020E61000005C8AABCABE475340902749D74CA63C40,NA,129,POLICE OUTPOST-RAJA GARDEN,1798942.912,NA,NA,NA,,NA,NA,NA,NA,NA,NA,NA,NA,130,NA,NA,NA,NA,,,NA,NA,NA,NA,NA,NA,,,,77.12102,28.64961
0101000020E61000006C5B94D920495340CB10C7BAB86D3C40,NA,131,POLICE CHOWKI-GOVAL PAHADI,35895594.9514,NA,NA,NA,,NA,NA,NA,NA,NA,NA,NA,NA,132,NA,NA,NA,NA,,,NA,NA,NA,NA,NA,NA,,,,77.14263,28.4286
0101000020E6100000A1DB4B1AA347534033D769A4A5B23C40,NA,133,POLICE STATION-SARASWATI VIHAR,2974723.88751,NA,NA,NA,,NA,NA,NA,NA,NA,NA,NA,NA,134,NA,NA,NA,NA,,,NA,NA,NA,NA,NA,NA,,,,77.11933,28.69784
0101000020E61000000FD6FF39CC5153403C4ED1915CAE3C40,NA,136,POLICE STATION-WELCOME COLONY,1805524.40737,NA,NA,NA,,NA,NA,NA,NA,NA,NA,NA,NA,137,NA,NA,NA,NA,,,NA,NA,NA,NA,NA,NA,,,,77.27809,28.6811
0101000020E610000022A64412BD4A53400473F4F8BDAD3C40,NA,144,POLICE OUTPOST-WAZIRPUR,1707484.94319,NA,NA,NA,,NA,NA,NA,NA,NA,NA,NA,NA,145,NA,NA,NA,NA,,,NA,NA,NA,NA,NA,NA,,,,77.16779,28.67868
0101000020E61000001C7C6132554453401CB1169F02A03C40,NA,161,POLICE OUTPOST-A BLOCK JANAKPURI,2051115.23358,NA,NA,NA,,NA,NA,NA,NA,NA,NA,NA,NA,162,NA,NA,NA,NA,,,NA,NA,NA,NA,NA,NA,,,,77.0677,28.62504
0101000020E61000007ABDFBE3BD4C5340DEB06D51669B3C40,NA,164,POLICE POST SOUTH AVENUE,9889059.63099,NA,NA,NA,,NA,NA,NA,NA,NA,NA,NA,NA,165,NA,NA,NA,NA,,,NA,NA,NA,NA,NA,NA,,,,77.19909,28.60703
0101000020E6100000F4328AE5964A53407B14AE47E1B23C40,NA,165,POLICE OUTPOST-P. P. WAZIRPUR INDUSTRIAL AREA,3536288.0393,NA,NA,NA,,NA,NA,NA,NA,NA,NA,NA,NA,166,NA,NA,NA,NA,,,NA,NA,NA,NA,NA,NA,,,,77.16546,28.69875
0101000020E6100000F4328AE5964A53407B14AE47E1B23C40,NA,166,POL OUTPOST-PP WAZIRPUR INDUS AREA,3536288.0393,NA,NA,NA,,NA,NA,NA,NA,NA,NA,NA,NA,167,NA,NA,NA,NA,,,NA,NA,NA,NA,NA,NA,,,,77.16546,28.69875
0101000020E610000058569A9482445340306475ABE7A43C40,NA,167,POLICE POST,2598858.73198,NA,NA,NA,,NA,NA,NA,NA,NA,NA,NA,NA,168,NA,NA,NA,NA,,,NA,NA,NA,NA,NA,NA,,,,77.07047,28.64416
0101000020E61000009817601F9D545340392861A6ED873C40,NA,175,POLICE STATION-MADANPUR KHADAR,7942774.02487,NA,NA,NA,,NA,NA,NA,NA,NA,NA,NA,NA,176,NA,NA,NA,NA,,,NA,NA,NA,NA,NA,NA,,,,77.32209,28.53097
0101000020E61000005E4BC8073D51534049A297512C873C40,NA,177,POLICE POST-GOVINDPURI,8992712.06018,NA,NA,NA,,NA,NA,NA,NA,NA,NA,NA,NA,178,NA,NA,NA,NA,,,NA,NA,NA,NA,NA,NA,,,,77.26935,28.52802
0101000020E6100000DCD781734650534083DDB06D51863C40,NA,178,POLICE POST-ALAKNANDA MARKET,2659329.53735,NA,NA,NA,,NA,NA,NA,NA,NA,NA,NA,NA,179,NA,NA,NA,NA,,,NA,NA,NA,NA,NA,NA,,,,77.2543,28.52468
0101000020E6100000956588635D505340B983D89942873C40,NA,179,POLICE POST-KALKAJI,2659329.53735,NA,NA,NA,,NA,NA,NA,NA,NA,NA,NA,NA,180,NA,NA,NA,NA,,,NA,NA,NA,NA,NA,NA,,,,77.2557,28.52836
0101000020E610000028B8585183475340EC647094BCAA3C40,NA,182,POLICE OUTPOST-MADIPUR,2577310.64044,NA,NA,NA,,NA,NA,NA,NA,NA,NA,NA,NA,183,NA,NA,NA,NA,,,NA,NA,NA,NA,NA,NA,,,,77.11739,28.66694
0101000020E610000010E9B7AF03475340F7C77BD5CAAC3C40,NA,183,POLICE OUTPOST-PASCHIM VIHAR,3794663.79732,NA,NA,NA,,NA,NA,NA,NA,NA,NA,NA,NA,184,NA,NA,NA,NA,,,NA,NA,NA,NA,NA,NA,,,,77.1096,28.67497
0101000020E61000000A0C59DDEA535340F1D24D6210B03C40,NA,184,POLICE STATION-M S PARK,2874304.37436,NA,NA,NA,,NA,NA,NA,NA,NA,NA,NA,NA,185,NA,NA,NA,NA,,,NA,NA,NA,NA,NA,NA,,,,77.31121,28.68775
0101000020E6100000328FFCC1C04D5340312592E8658C3C40,NA,186,POST OFFICE-SHAHPUR JAT,2918572.01369,NA,NA,NA,,NA,NA,NA,NA,NA,NA,NA,NA,187,NA,NA,NA,NA,,,NA,NA,NA,NA,NA,NA,,,,77.21489,28.54843
0101000020E6100000D044D8F0F44C5340AA7D3A1E33A03C40,NA,191,POLICE OUTPOST-RML HOSPITAL,9889059.63099,NA,NA,NA,,NA,NA,NA,NA,NA,NA,NA,NA,192,NA,NA,NA,NA,,,NA,NA,NA,NA,NA,NA,,,,77.20245,28.62578
0101000020E6100000E4BD6A65C251534029D027F224913C40,NA,195,POLICE OUTPOST-JAMIA NAGAR,3745548.0416,NA,NA,NA,,NA,NA,NA,NA,NA,NA,NA,NA,196,NA,NA,NA,NA,,,NA,NA,NA,NA,NA,NA,,,,77.27749,28.56697
0101000020E6100000F60B76C3B651534035D252793B923C40,NA,196,POLICE OUTPOST-JAMIA NAGAR,3745548.0416,NA,NA,NA,,NA,NA,NA,NA,NA,NA,NA,NA,197,NA,NA,NA,NA,,,NA,NA,NA,NA,NA,NA,,,,77.27678,28.57122
0101000020E61000009CA73AE466525340268DD13AAA923C40,NA,197,POLICE OUTPOST-JAMIA NAGAR,3745548.0416,NA,NA,NA,,NA,NA,NA,NA,NA,NA,NA,NA,198,NA,NA,NA,NA,,,NA,NA,NA,NA,NA,NA,,,,77.28753,28.57291
0101000020E61000009EC893A46B52534047382D78D18F3C40,NA,198,POLICE OUTPOST-JAMIA NAGAR,7880690.98096,NA,NA,NA,,NA,NA,NA,NA,NA,NA,NA,NA,199,NA,NA,NA,NA,,,NA,NA,NA,NA,NA,NA,,,,77.28782,28.56179
0101000020E6100000E960FD9FC34E534009DCBA9BA7923C40,NA,202,POLICE OUTPOST-DEFENCE COLONY,2480276.53415,NA,NA,NA,,NA,NA,NA,NA,NA,NA,NA,NA,203,NA,NA,NA,NA,,,NA,NA,NA,NA,NA,NA,,,,77.23069,28.57287
0101000020E6100000AC90F2936A4F5340D95F764F1E863C40,NA,205,POLICE STATION-DR AMBEDKAR NAGAR,1661329.47208,NA,NA,NA,,NA,NA,NA,NA,NA,NA,NA,NA,206,NA,NA,NA,NA,,,NA,NA,NA,NA,NA,NA,,,,77.24088,28.5239
0101000020E6100000AEB14B546F53534033E197FA799B3C40,NA,208,POLICE STATION-TRILOKPURI,2111658.82806,NA,NA,NA,,NA,NA,NA,NA,NA,NA,NA,NA,209,NA,NA,NA,NA,,,NA,NA,NA,NA,NA,NA,,,,77.30367,28.60733
0101000020E61000007FA4880CAB4453409C50888043983C40,NA,209,POLICE OUTPOST-DWARKA SECTOR 1,30068547.981,NA,NA,NA,,NA,NA,NA,NA,NA,NA,NA,NA,210,NA,NA,NA,NA,,,NA,NA,NA,NA,NA,NA,,,,77.07294,28.59478
0101000020E6100000F12E17F19D4A5340A353573ECBAB3C40,NA,211,POLICE OUTPOST-INDERLOK,1948430.28639,NA,NA,NA,,NA,NA,NA,NA,NA,NA,NA,NA,212,NA,NA,NA,NA,,,NA,NA,NA,NA,NA,NA,,,,77.16589,28.67107
0101000020E610000084F068E388535340F6E978CC40AD3C40,NA,212,POLICE STATION-GTB ENCLAVE,4731868.99746,NA,NA,NA,,NA,NA,NA,NA,NA,NA,NA,NA,213,NA,NA,NA,NA,,,NA,NA,NA,NA,NA,NA,,,,77.30523,28.67677
0101000020E6100000F697DD93874753406C3EAE0D15AB3C40,NA,214,POLICE STATION-MADIPUR,2577310.64044,NA,NA,NA,,NA,NA,NA,NA,NA,NA,NA,NA,215,NA,NA,NA,NA,,,NA,NA,NA,NA,NA,NA,,,,77.11765,28.66829
0101000020E6100000884677103B5153403541D47D00823C40,NA,223,POLICE OUTPOST-PRAHLADPUR,3852127.69559,NA,NA,NA,,NA,NA,NA,NA,NA,NA,NA,NA,224,NA,NA,NA,NA,,,NA,NA,NA,NA,NA,NA,,,,77.26923,28.50782
0101000020E610000090662C9ACE4E5340B7E9CF7EA4A83C40,NA,228,POLICE STATION-CHANDNI CHOWK,1627909.97434,NA,NA,NA,,NA,NA,NA,NA,NA,NA,NA,NA,229,NA,NA,NA,NA,,,NA,NA,NA,NA,NA,NA,,,,77.23136,28.65876
0101000020E610000016A4198BA64953406B60AB048BAB3C40,NA,229,POLICE OUTPOST-JAI DEV PARK EAST PUNJABI BAGH,3148605.14162,NA,NA,NA,,NA,NA,NA,NA,NA,NA,NA,NA,230,NA,NA,NA,NA,,,NA,NA,NA,NA,NA,NA,,,,77.15079,28.67009
0101000020E610000016A4198BA64953406B60AB048BAB3C40,NA,230,POLICE OUTPOST-PUNJABI BAGH,3148605.14162,NA,NA,NA,,NA,NA,NA,NA,NA,NA,NA,NA,231,NA,NA,NA,NA,,,NA,NA,NA,NA,NA,NA,,,,77.15079,28.67009
0101000020E610000086E63A8DB44E5340D1D556EC2FAB3C40,NA,231,POLICE OUTPOST-ISBT KASHMERE GATE BUS STATION,1749323.88109,NA,NA,NA,,NA,NA,NA,NA,NA,NA,NA,NA,232,NA,NA,NA,NA,,,NA,NA,NA,NA,NA,NA,,,,77.22977,28.6687
0101000020E610000086E63A8DB44E5340D1D556EC2FAB3C40,NA,232,POLICE OUTPOST-ISBT KASHMERE GATE B,1749323.88109,NA,NA,NA,,NA,NA,NA,NA,NA,NA,NA,NA,233,NA,NA,NA,NA,,,NA,NA,NA,NA,NA,NA,,,,77.22977,28.6687
0101000020E6100000F697DD93874F53403F52448655943C40,NA,235,POLICE OUTPOST-JANGPURA,2116960.63039,NA,NA,NA,,NA,NA,NA,NA,NA,NA,NA,NA,236,NA,NA,NA,NA,,,NA,NA,NA,NA,NA,NA,,,,77.24265,28.57943
0101000020E6100000D46531B1F94853400DAB7823F3783C40,NA,236,POLICE OUTPOST-H BLOCK AYA NAGAR,35895594.9514,NA,NA,NA,,NA,NA,NA,NA,NA,NA,NA,NA,237,NA,NA,NA,NA,,,NA,NA,NA,NA,NA,NA,,,,77.14024,28.47246
0101000020E61000002D5BEB8B845053404BB0389CF9953C40,NA,237,POLICE OUTPOST-SARAI KALE KHAN,10316304.0447,NA,NA,NA,,NA,NA,NA,NA,NA,NA,NA,NA,238,NA,NA,NA,NA,,,NA,NA,NA,NA,NA,NA,,,,77.25809,28.58584
0101000020E61000009FC37C79014E53400612143FC6A43C40,NA,238,POLICE STATION-DELHI RAILWAY STATION,3095888.32288,NA,NA,NA,,NA,NA,NA,NA,NA,NA,NA,NA,239,NA,NA,NA,NA,,,NA,NA,NA,NA,NA,NA,,,,77.21884,28.64365
0101000020E61000009FC37C79014E53400612143FC6A43C40,NA,239,POLICE STATION-DELHI RAILWAY STATIO,3095888.32288,NA,NA,NA,,NA,NA,NA,NA,NA,NA,NA,NA,240,NA,NA,NA,NA,,,NA,NA,NA,NA,NA,NA,,,,77.21884,28.64365
0101000020E610000021938C9C854B53400AEF7211DFA93C40,NA,240,POLICE OUTPOST-ANAND PARBAT,1948430.28639,NA,NA,NA,,NA,NA,NA,NA,NA,NA,NA,NA,241,NA,NA,NA,NA,,,NA,NA,NA,NA,NA,NA,,,,77.18003,28.66356
0101000020E6100000FB912232AC4A5340A84D9CDCEFA83C40,NA,241,POLICE OUTPOST-ANAND PARBAT,4104570.16645,NA,NA,NA,,NA,NA,NA,NA,NA,NA,NA,NA,242,NA,NA,NA,NA,,,NA,NA,NA,NA,NA,NA,,,,77.16676,28.65991
0101000020E61000007E6FD39FFD5453406F2A52616C993C40,NA,242,POLICE OUTPOST-JHUNDPURA SECTOR 11NOIDA,1588244.35977,NA,NA,NA,,NA,NA,NA,NA,NA,NA,NA,NA,243,NA,NA,NA,NA,,,NA,NA,NA,NA,NA,NA,,,,77.32798,28.59931
0101000020E61000007E6FD39FFD5453406F2A52616C993C40,NA,243,POLICE OUTPOST-JHUNDPURA SECTOR 11,1588244.35977,NA,NA,NA,,NA,NA,NA,NA,NA,NA,NA,NA,244,NA,NA,NA,NA,,,NA,NA,NA,NA,NA,NA,,,,77.32798,28.59931
0101000020E6100000FFE7305F5E4C53400F069E7B0FA73C40,NA,251,POLICE STATION-DESH BANDHU GUPTA RD,1643641.8886,NA,NA,NA,,NA,NA,NA,NA,NA,NA,NA,NA,252,NA,NA,NA,NA,,,NA,NA,NA,NA,NA,NA,,,,77.19326,28.65258
0101000020E61000000BD28C45D34D5340E427D53E1DB73C40,NA,254,POLICE STATION-DHEERPUR,2247077.98436,NA,NA,NA,,NA,NA,NA,NA,NA,NA,NA,NA,255,NA,NA,NA,NA,,,NA,NA,NA,NA,NA,NA,,,,77.21602,28.71529
0101000020E61000002384471B47425340C0A8A44E409B3C40,NA,256,POLICE STATION-DWARIKA SEC 13,30068547.981,NA,NA,NA,,NA,NA,NA,NA,NA,NA,NA,NA,257,NA,NA,NA,NA,,,NA,NA,NA,NA,NA,NA,,,,77.03559,28.60645
0101000020E6100000DBC4C9FD0E4F53403F912749D78C3C40,NA,260,POLICE OUTPOST-GREATER KAILASH-1,3793564.84265,NA,NA,NA,,NA,NA,NA,NA,NA,NA,NA,NA,261,NA,NA,NA,NA,,,NA,NA,NA,NA,NA,NA,,,,77.23529,28.55016
0101000020E61000000FEECEDA6D4F53404B8E3BA5838D3C40,NA,261,POLICE OUTPOST-GREATER KAILASH-1,3793564.84265,NA,NA,NA,,NA,NA,NA,NA,NA,NA,NA,NA,262,NA,NA,NA,NA,,,NA,NA,NA,NA,NA,NA,,,,77.24108,28.55279
0101000020E6100000DB85E63A8D4E53400B1F115322A93C40,NA,266,POLICE STATION-DELHI JUNCTION,1627909.97434,NA,NA,NA,,NA,NA,NA,NA,NA,NA,NA,NA,267,NA,NA,NA,NA,,,NA,NA,NA,NA,NA,NA,,,,77.22737,28.66068
0101000020E6100000AB5B3D27BD4553404D840D4FAFA43C40,NA,268,POLICE STATION-TILAK VIHAR,2035876.19463,NA,NA,NA,,NA,NA,NA,NA,NA,NA,NA,NA,269,NA,NA,NA,NA,,,NA,NA,NA,NA,NA,NA,,,,77.08967,28.6433
0101000020E6100000C7116BF12954534004CAA65CE1A53C40,NA,269,POLICE STATION-ANAND VIHAR RAILWAY STATION,4558969.69225,NA,NA,NA,,NA,NA,NA,NA,NA,NA,NA,NA,270,NA,NA,NA,NA,,,NA,NA,NA,NA,NA,NA,,,,77.31506,28.64797
0101000020E6100000C7116BF12954534004CAA65CE1A53C40,NA,270,POLICE STATION ANAND VIHAR RLY STN,4558969.69225,NA,NA,NA,,NA,NA,NA,NA,NA,NA,NA,NA,271,NA,NA,NA,NA,,,NA,NA,NA,NA,NA,NA,,,,77.31506,28.64797
0101000020E61000002A00C633685453402BC1E270E6873C40,NA,272,POLICE STATION-MADANPUR KHADAR EXT,7942774.02487,NA,NA,NA,,NA,NA,NA,NA,NA,NA,NA,NA,273,NA,NA,NA,NA,,,NA,NA,NA,NA,NA,NA,,,,77.31886,28.53086
0101000020E610000003098A1F634E5340DEA63FFB91AA3C40,NA,275,POLICE OUTPOST-KASHMERI GATE,1627909.97434,NA,NA,NA,,NA,NA,NA,NA,NA,NA,NA,NA,276,NA,NA,NA,NA,,,NA,NA,NA,NA,NA,NA,,,,77.2248,28.66629
0101000020E61000001B25AFCE314E53408269183E22A63C40,NA,276,POLICE OUTPOST-KAMLA NAGAR MARKET,3095888.32288,NA,NA,NA,,NA,NA,NA,NA,NA,NA,NA,NA,277,NA,NA,NA,NA,,,NA,NA,NA,NA,NA,NA,,,,77.22179,28.64896
0101000020E610000009DCBA9BA74E5340C2340C1F11AB3C40,NA,277,POLICE OUTPOST-KASHMERI GATE,1749323.88109,NA,NA,NA,,NA,NA,NA,NA,NA,NA,NA,NA,278,NA,NA,NA,NA,,,NA,NA,NA,NA,NA,NA,,,,77.22898,28.66823
0101000020E6100000AA605452274E5340C9E53FA4DFA63C40,NA,278,POLICE OUTPOST-HAUZ QUAZI,2975208.71941,NA,NA,NA,,NA,NA,NA,NA,NA,NA,NA,NA,279,NA,NA,NA,NA,,,NA,NA,NA,NA,NA,NA,,,,77.22115,28.65185
0101000020E61000007FBC57AD4C505340FF959526A5903C40,NA,283,POLICE STATION-SRINIWASPURI,4045386.71006,NA,NA,NA,,NA,NA,NA,NA,NA,NA,NA,NA,284,NA,NA,NA,NA,,,NA,NA,NA,NA,NA,NA,,,,77.25468,28.56502
0101000020E61000001FA2D11DC44C5340E3FC4D2844A83C40,NA,285,POLICE STATION-SHIDIPURA,2975208.71941,NA,NA,NA,,NA,NA,NA,NA,NA,NA,NA,NA,286,NA,NA,NA,NA,,,NA,NA,NA,NA,NA,NA,,,,77.19947,28.65729
0101000020E61000008E23D6E2534C53404EAF946588AB3C40,NA,288,POLICE STATION-PARTAP NAGAR,2218660.17765,NA,NA,NA,,NA,NA,NA,NA,NA,NA,NA,NA,289,NA,NA,NA,NA,,,NA,NA,NA,NA,NA,NA,,,,77.19262,28.67005
0101000020E6100000DF15C1FF56505340DABFB2D2A48C3C40,NA,291,POLICE OUTPOST-NEHRU PLACE,3793564.84265,NA,NA,NA,,NA,NA,NA,NA,NA,NA,NA,NA,292,NA,NA,NA,NA,,,NA,NA,NA,NA,NA,NA,,,,77.25531,28.54939
0101000020E6100000B3295778973D53405487DC0C37B03C40,NA,292,POLICE OUTPOST-TIKRI BORDER,48582358.6399,NA,NA,NA,,NA,NA,NA,NA,NA,NA,NA,NA,293,NA,NA,NA,NA,,,NA,NA,NA,NA,NA,NA,,,,76.96237,28.68834
0101000020E6100000CD3B4ED1914E534082902C60028F3C40,NA,294,POLICE OUTPOST-DEFENCE COLONY,2480276.53415,NA,NA,NA,,NA,NA,NA,NA,NA,NA,NA,NA,295,NA,NA,NA,NA,,,NA,NA,NA,NA,NA,NA,,,,77.22765,28.55863
0101000020E6100000BC22F8DF4A425340884677103B9B3C40,NA,295,POLICE OUTPOST-SEC 3 DWARKA,30068547.981,NA,NA,NA,,NA,NA,NA,NA,NA,NA,NA,NA,296,NA,NA,NA,NA,,,NA,NA,NA,NA,NA,NA,,,,77.03582,28.60637
0101000020E6100000F111312592525340CCB4FD2B2B8D3C40,NA,296,POLICE OUTPOST-SARITA VIHAR,6171102.99116,NA,NA,NA,,NA,NA,NA,NA,NA,NA,NA,NA,297,NA,NA,NA,NA,,,NA,NA,NA,NA,NA,NA,,,,77.29017,28.55144
